inning,inning_topbot,outs_when_up,1b,2b,3b,current_re24,situation_occurrences,eligible_games,higher_re_occurs_count,higher_re_occurs_pct
1,Top,0,False,False,False,0.49432005064898776,7289,7289,7288,0.999862806969406
1,Top,0,True,False,False,0.8878149539389397,1741,7289,7183,0.9854575387570311
1,Top,0,False,True,False,1.109643815436418,383,7289,6552,0.8988887364521883
1,Top,0,False,False,True,1.3858590733590734,47,7289,5828,0.799560982302099
1,Top,0,True,True,False,1.47952434803468,409,7289,4653,0.6383591713540953
1,Top,0,True,False,True,1.8029265255292648,139,7289,2410,0.33063520373165045
1,Top,0,False,True,True,1.918237170194259,85,7289,1467,0.20126217588146522
1,Top,0,True,True,True,2.268160644592723,94,7289,0,0.0
1,Top,1,False,False,False,0.2639268201849667,5369,7289,7289,1.0
1,Top,1,True,False,False,0.5240708686902802,2151,7289,7287,0.9997256139388119
1,Top,1,False,True,False,0.6679592825981581,636,7289,7285,0.9994512278776239
1,Top,1,False,False,True,0.9123045547246772,182,7289,7149,0.9807929757168335
1,Top,1,True,True,False,0.9302515931635259,691,7289,6917,0.948964192619015
1,Top,1,True,False,True,1.1652308995904532,316,7289,6180,0.8478529290712031
1,Top,1,False,True,True,1.3486698911729142,157,7289,5956,0.817121690218137
1,Top,1,True,True,True,1.5565524426950683,200,7289,3442,0.4722184113047057
1,Top,2,False,False,False,0.1001532004737628,4333,7289,7289,1.0
1,Top,2,True,False,False,0.2213896929490464,2251,7289,7289,1.0
1,Top,2,False,True,False,0.3072789447972643,787,7289,7289,1.0
1,Top,2,False,False,True,0.3336989761999734,356,7289,7289,1.0
1,Top,2,True,True,False,0.4312991506763133,891,7289,7289,1.0
1,Top,2,True,False,True,0.4695498381553041,404,7289,7289,1.0
1,Top,2,False,True,True,0.5347255949490044,229,7289,7287,0.9997256139388119
1,Top,2,True,True,True,0.7707733891359316,237,7289,7282,0.9990396487858417
1,Bot,0,False,False,False,0.49432005064898776,7289,7289,7288,0.999862806969406
1,Bot,0,True,False,False,0.8878149539389397,1987,7289,7148,0.9806557826862395
1,Bot,0,False,True,False,1.109643815436418,447,7289,6431,0.8822883797503087
1,Bot,0,False,False,True,1.3858590733590734,64,7289,5673,0.7782960625600219
1,Bot,0,True,True,False,1.47952434803468,499,7289,4480,0.6146247770613252
1,Bot,0,True,False,True,1.8029265255292648,166,7289,2274,0.3119769515708602
1,Bot,0,False,True,True,1.918237170194259,116,7289,1373,0.1883660310056249
1,Bot,0,True,True,True,2.268160644592723,118,7289,0,0.0
1,Bot,1,False,False,False,0.2639268201849667,5115,7289,7289,1.0
1,Bot,1,True,False,False,0.5240708686902802,2291,7289,7285,0.9994512278776239
1,Bot,1,False,True,False,0.6679592825981581,688,7289,7281,0.9989024557552476
1,Bot,1,False,False,True,0.9123045547246772,237,7289,7104,0.9746192893401016
1,Bot,1,True,True,False,0.9302515931635259,778,7289,6824,0.9362052407737687
1,Bot,1,True,False,True,1.1652308995904532,329,7289,6033,0.8276855535738784
1,Bot,1,False,True,True,1.3486698911729142,210,7289,5795,0.7950336122924956
1,Bot,1,True,True,True,1.5565524426950683,200,7289,3263,0.44766085882837153
1,Bot,2,False,False,False,0.1001532004737628,4105,7289,7289,1.0
1,Bot,2,True,False,False,0.2213896929490464,2286,7289,7289,1.0
1,Bot,2,False,True,False,0.3072789447972643,939,7289,7289,1.0
1,Bot,2,False,False,True,0.3336989761999734,390,7289,7289,1.0
1,Bot,2,True,True,False,0.4312991506763133,904,7289,7289,1.0
1,Bot,2,True,False,True,0.4695498381553041,436,7289,7289,1.0
1,Bot,2,False,True,True,0.5347255949490044,243,7289,7285,0.9994512278776239
1,Bot,2,True,True,True,0.7707733891359316,280,7289,7278,0.9984908766634655
2,Top,0,False,False,False,0.49432005064898776,7289,7289,7288,0.999862806969406
2,Top,0,True,False,False,0.8878149539389397,1708,7289,7111,0.9755796405542598
2,Top,0,False,True,False,1.109643815436418,358,7289,6318,0.8667855672931815
2,Top,0,False,False,True,1.3858590733590734,42,7289,5531,0.7588146522156675
2,Top,0,True,True,False,1.47952434803468,374,7289,4302,0.5902044176155852
2,Top,0,True,False,True,1.8029265255292648,114,7289,2154,0.2955137878995747
2,Top,0,False,True,True,1.918237170194259,78,7289,1297,0.17793936068047744
2,Top,0,True,True,True,2.268160644592723,95,7289,0,0.0
2,Top,1,False,False,False,0.2639268201849667,5376,7289,7289,1.0
2,Top,1,True,False,False,0.5240708686902802,2128,7289,7283,0.9991768418164357
2,Top,1,False,True,False,0.6679592825981581,620,7289,7276,0.9982164906022774
2,Top,1,False,False,True,0.9123045547246772,182,7289,7065,0.9692687611469337
2,Top,1,True,True,False,0.9302515931635259,688,7289,6744,0.9252297983262451
2,Top,1,True,False,True,1.1652308995904532,311,7289,5907,0.8103992317190287
2,Top,1,False,True,True,1.3486698911729142,175,7289,5659,0.7763753601317053
2,Top,1,True,True,True,1.5565524426950683,181,7289,3123,0.4284538345452051
2,Top,2,False,False,False,0.1001532004737628,4317,7289,7289,1.0
2,Top,2,True,False,False,0.2213896929490464,2126,7289,7289,1.0
2,Top,2,False,True,False,0.3072789447972643,839,7289,7289,1.0
2,Top,2,False,False,True,0.3336989761999734,381,7289,7289,1.0
2,Top,2,True,True,False,0.4312991506763133,807,7289,7289,1.0
2,Top,2,True,False,True,0.4695498381553041,417,7289,7289,1.0
2,Top,2,False,True,True,0.5347255949490044,184,7289,7283,0.9991768418164357
2,Top,2,True,True,True,0.7707733891359316,240,7289,7273,0.9978049115104952
2,Bot,0,False,False,False,0.49432005064898776,7289,7289,7288,0.999862806969406
2,Bot,0,True,False,False,0.8878149539389397,1826,7289,7063,0.9689943750857456
2,Bot,0,False,True,False,1.109643815436418,413,7289,6178,0.8475785430100151
2,Bot,0,False,False,True,1.3858590733590734,47,7289,5355,0.7346686788311154
2,Bot,0,True,True,False,1.47952434803468,401,7289,4125,0.565921251200439
2,Bot,0,True,False,True,1.8029265255292648,142,7289,2018,0.27685553573878446
2,Bot,0,False,True,True,1.918237170194259,117,7289,1221,0.16751269035532995
2,Bot,0,True,True,True,2.268160644592723,93,7289,0,0.0
2,Bot,1,False,False,False,0.2639268201849667,5241,7289,7289,1.0
2,Bot,1,True,False,False,0.5240708686902802,2169,7289,7281,0.9989024557552476
2,Bot,1,False,True,False,0.6679592825981581,657,7289,7271,0.9975305254493072
2,Bot,1,False,False,True,0.9123045547246772,232,7289,6995,0.9596652490053506
2,Bot,1,True,True,False,0.9302515931635259,663,7289,6610,0.9068459322266429
2,Bot,1,True,False,True,1.1652308995904532,315,7289,5736,0.7869392234874468
2,Bot,1,False,True,True,1.3486698911729142,228,7289,5489,0.7530525449307175
2,Bot,1,True,True,True,1.5565524426950683,197,7289,2940,0.4033475099464947
2,Bot,2,False,False,False,0.1001532004737628,4245,7289,7289,1.0
2,Bot,2,True,False,False,0.2213896929490464,2261,7289,7289,1.0
2,Bot,2,False,True,False,0.3072789447972643,878,7289,7289,1.0
2,Bot,2,False,False,True,0.3336989761999734,407,7289,7289,1.0
2,Bot,2,True,True,False,0.4312991506763133,860,7289,7289,1.0
2,Bot,2,True,False,True,0.4695498381553041,433,7289,7289,1.0
2,Bot,2,False,True,True,0.5347255949490044,231,7289,7281,0.9989024557552476
2,Bot,2,True,True,True,0.7707733891359316,273,7289,7267,0.996981753326931
3,Top,0,False,False,False,0.49432005064898776,7289,7289,7288,0.999862806969406
3,Top,0,True,False,False,0.8878149539389397,1688,7289,6999,0.9602140211277267
3,Top,0,False,True,False,1.109643815436418,393,7289,6045,0.829331869941007
3,Top,0,False,False,True,1.3858590733590734,62,7289,5197,0.7129921799972562
3,Top,0,True,True,False,1.47952434803468,373,7289,3958,0.5430100150912334
3,Top,0,True,False,True,1.8029265255292648,131,7289,1906,0.2614899163122513
3,Top,0,False,True,True,1.918237170194259,81,7289,1155,0.15845795033612292
3,Top,0,True,True,True,2.268160644592723,70,7289,0,0.0
3,Top,1,False,False,False,0.2639268201849667,5421,7289,7289,1.0
3,Top,1,True,False,False,0.5240708686902802,2127,7289,7279,0.9986280696940596
3,Top,1,False,True,False,0.6679592825981581,683,7289,7265,0.9967073672657429
3,Top,1,False,False,True,0.9123045547246772,231,7289,6927,0.9503361229249554
3,Top,1,True,True,False,0.9302515931635259,693,7289,6508,0.8928522431060502
3,Top,1,True,False,True,1.1652308995904532,276,7289,5589,0.7667718479901221
3,Top,1,False,True,True,1.3486698911729142,173,7289,5328,0.7309644670050761
3,Top,1,True,True,True,1.5565524426950683,173,7289,2791,0.3829057483879819
3,Top,2,False,False,False,0.1001532004737628,4378,7289,7289,1.0
3,Top,2,True,False,False,0.2213896929490464,2223,7289,7289,1.0
3,Top,2,False,True,False,0.3072789447972643,871,7289,7289,1.0
3,Top,2,False,False,True,0.3336989761999734,402,7289,7289,1.0
3,Top,2,True,True,False,0.4312991506763133,836,7289,7289,1.0
3,Top,2,True,False,True,0.4695498381553041,414,7289,7289,1.0
3,Top,2,False,True,True,0.5347255949490044,215,7289,7276,0.9982164906022774
3,Top,2,True,True,True,0.7707733891359316,246,7289,7260,0.9960214021127727
3,Bot,0,False,False,False,0.49432005064898776,7289,7289,7288,0.999862806969406
3,Bot,0,True,False,False,0.8878149539389397,1751,7289,6924,0.9499245438331733
3,Bot,0,False,True,False,1.109643815436418,430,7289,5862,0.8042255453422966
3,Bot,0,False,False,True,1.3858590733590734,49,7289,4991,0.6847304156948827
3,Bot,0,True,True,False,1.47952434803468,416,7289,3776,0.5180408835231171
3,Bot,0,True,False,True,1.8029265255292648,149,7289,1768,0.24255727809027303
3,Bot,0,False,True,True,1.918237170194259,93,7289,1064,0.14597338455206477
3,Bot,0,True,True,True,2.268160644592723,106,7289,0,0.0
3,Bot,1,False,False,False,0.2639268201849667,5366,7289,7289,1.0
3,Bot,1,True,False,False,0.5240708686902802,2186,7289,7270,0.9973933324187131
3,Bot,1,False,True,False,0.6679592825981581,688,7289,7250,0.9946494718068322
3,Bot,1,False,False,True,0.9123045547246772,234,7289,6833,0.937439978049115
3,Bot,1,True,True,False,0.9302515931635259,724,7289,6363,0.8729592536699136
3,Bot,1,True,False,True,1.1652308995904532,316,7289,5386,0.7389216627795308
3,Bot,1,False,True,True,1.3486698911729142,190,7289,5125,0.7031142817944849
3,Bot,1,True,True,True,1.5565524426950683,167,7289,2606,0.3575250377280834
3,Bot,2,False,False,False,0.1001532004737628,4285,7289,7289,1.0
3,Bot,2,True,False,False,0.2213896929490464,2249,7289,7289,1.0
3,Bot,2,False,True,False,0.3072789447972643,908,7289,7289,1.0
3,Bot,2,False,False,True,0.3336989761999734,394,7289,7289,1.0
3,Bot,2,True,True,False,0.4312991506763133,863,7289,7289,1.0
3,Bot,2,True,False,True,0.4695498381553041,459,7289,7289,1.0
3,Bot,2,False,True,True,0.5347255949490044,213,7289,7267,0.996981753326931
3,Bot,2,True,True,True,0.7707733891359316,231,7289,7243,0.9936891205926739
4,Top,0,False,False,False,0.49432005064898776,7289,7289,7288,0.999862806969406
4,Top,0,True,False,False,0.8878149539389397,1707,7289,6828,0.9367540128961449
4,Top,0,False,True,False,1.109643815436418,415,7289,5679,0.7791192207435862
4,Top,0,False,False,True,1.3858590733590734,47,7289,4775,0.6550967210865688
4,Top,0,True,True,False,1.47952434803468,413,7289,3587,0.49211140074084236
4,Top,0,True,False,True,1.8029265255292648,139,7289,1637,0.224584991082453
4,Top,0,False,True,True,1.918237170194259,93,7289,990,0.13582110028810537
4,Top,0,True,True,True,2.268160644592723,85,7289,0,0.0
4,Top,1,False,False,False,0.2639268201849667,5367,7289,7289,1.0
4,Top,1,True,False,False,0.5240708686902802,2131,7289,7256,0.9954726299903965
4,Top,1,False,True,False,0.6679592825981581,696,7289,7229,0.9917684181643572
4,Top,1,False,False,True,0.9123045547246772,210,7289,6712,0.9208396213472355
4,Top,1,True,True,False,0.9302515931635259,674,7289,6208,0.8516943339278364
4,Top,1,True,False,True,1.1652308995904532,340,7289,5193,0.7124434078748799
4,Top,1,False,True,True,1.3486698911729142,210,7289,4916,0.6744409384003293
4,Top,1,True,True,True,1.5565524426950683,184,7289,2429,0.3332418713129373
4,Top,2,False,False,False,0.1001532004737628,4303,7289,7289,1.0
4,Top,2,True,False,False,0.2213896929490464,2228,7289,7289,1.0
4,Top,2,False,True,False,0.3072789447972643,913,7289,7289,1.0
4,Top,2,False,False,True,0.3336989761999734,366,7289,7289,1.0
4,Top,2,True,True,False,0.4312991506763133,775,7289,7289,1.0
4,Top,2,True,False,True,0.4695498381553041,464,7289,7289,1.0
4,Top,2,False,True,True,0.5347255949490044,237,7289,7250,0.9946494718068322
4,Top,2,True,True,True,0.7707733891359316,222,7289,7219,0.9903964878584168
4,Bot,0,False,False,False,0.49432005064898776,7289,7289,7286,0.9995884209082179
4,Bot,0,True,False,False,0.8878149539389397,1751,7289,6700,0.919193304980107
4,Bot,0,False,True,False,1.109643815436418,430,7289,5427,0.7445465770338867
4,Bot,0,False,False,True,1.3858590733590734,57,7289,4521,0.6202496913156812
4,Bot,0,True,True,False,1.47952434803468,383,7289,3353,0.4600082315818356
4,Bot,0,True,False,True,1.8029265255292648,153,7289,1505,0.20647551104403897
4,Bot,0,False,True,True,1.918237170194259,92,7289,916,0.12566881602414598
4,Bot,0,True,True,True,2.268160644592723,89,7289,0,0.0
4,Bot,1,False,False,False,0.2639268201849667,5313,7289,7289,1.0
4,Bot,1,True,False,False,0.5240708686902802,2186,7289,7227,0.9914940321031691
4,Bot,1,False,True,False,0.6679592825981581,678,7289,7184,0.9855947317876251
4,Bot,1,False,False,True,0.9123045547246772,240,7289,6569,0.901221017972287
4,Bot,1,True,True,False,0.9302515931635259,688,7289,6002,0.8234325696254631
4,Bot,1,True,False,True,1.1652308995904532,325,7289,4942,0.6780079571957744
4,Bot,1,False,True,True,1.3486698911729142,218,7289,4651,0.6380847852929071
4,Bot,1,True,True,True,1.5565524426950683,203,7289,2219,0.3044313348881877
4,Bot,2,False,False,False,0.1001532004737628,4223,7289,7289,1.0
4,Bot,2,True,False,False,0.2213896929490464,2221,7289,7289,1.0
4,Bot,2,False,True,False,0.3072789447972643,895,7289,7289,1.0
4,Bot,2,False,False,True,0.3336989761999734,399,7289,7289,1.0
4,Bot,2,True,True,False,0.4312991506763133,834,7289,7289,1.0
4,Bot,2,True,False,True,0.4695498381553041,437,7289,7289,1.0
4,Bot,2,False,True,True,0.5347255949490044,226,7289,7217,0.9901221017972287
4,Bot,2,True,True,True,0.7707733891359316,257,7289,7171,0.9838112223899026
5,Top,0,False,False,False,0.49432005064898776,7289,7289,7279,0.9986280696940596
5,Top,0,True,False,False,0.8878149539389397,1746,7289,6524,0.8950473315955549
5,Top,0,False,True,False,1.109643815436418,394,7289,5137,0.7047605981616134
5,Top,0,False,False,True,1.3858590733590734,42,7289,4247,0.5826588009329126
5,Top,0,True,True,False,1.47952434803468,382,7289,3109,0.4265331321168885
5,Top,0,True,False,True,1.8029265255292648,145,7289,1370,0.18795445191384277
5,Top,0,False,True,True,1.918237170194259,94,7289,836,0.1146933735766223
5,Top,0,True,True,True,2.268160644592723,91,7289,0,0.0
5,Top,1,False,False,False,0.2639268201849667,5367,7289,7289,1.0
5,Top,1,True,False,False,0.5240708686902802,2199,7289,7190,0.9864178899711895
5,Top,1,False,True,False,0.6679592825981581,701,7289,7118,0.9765399917684182
5,Top,1,False,False,True,0.9123045547246772,215,7289,6363,0.8729592536699136
5,Top,1,True,True,False,0.9302515931635259,752,7289,5748,0.7885855398545754
5,Top,1,True,False,True,1.1652308995904532,306,7289,4667,0.6402798737824118
5,Top,1,False,True,True,1.3486698911729142,217,7289,4387,0.601865825216079
5,Top,1,True,True,True,1.5565524426950683,197,7289,2034,0.2790506242282892
5,Top,2,False,False,False,0.1001532004737628,4224,7289,7289,1.0
5,Top,2,True,False,False,0.2213896929490464,2226,7289,7289,1.0
5,Top,2,False,True,False,0.3072789447972643,883,7289,7289,1.0
5,Top,2,False,False,True,0.3336989761999734,385,7289,7289,1.0
5,Top,2,True,True,False,0.4312991506763133,864,7289,7289,1.0
5,Top,2,True,False,True,0.4695498381553041,464,7289,7289,1.0
5,Top,2,False,True,True,0.5347255949490044,272,7289,7169,0.9835368363287145
5,Top,2,True,True,True,0.7707733891359316,283,7289,7100,0.9740705172177253
5,Bot,0,False,False,False,0.49432005064898776,7289,7289,7267,0.996981753326931
5,Bot,0,True,False,False,0.8878149539389397,1778,7287,6303,0.8649650061753809
5,Bot,0,False,True,False,1.109643815436418,429,7287,4813,0.6604912858515164
5,Bot,0,False,False,True,1.3858590733590734,46,7287,3926,0.5387676684506656
5,Bot,0,True,True,False,1.47952434803468,417,7287,2840,0.38973514477837246
5,Bot,0,True,False,True,1.8029265255292648,157,7287,1213,0.166460820639495
5,Bot,0,False,True,True,1.918237170194259,92,7287,748,0.10264855221627556
5,Bot,0,True,True,True,2.268160644592723,99,7287,0,0.0
5,Bot,1,False,False,False,0.2639268201849667,5278,7289,7288,0.999862806969406
5,Bot,1,True,False,False,0.5240708686902802,2156,7287,7113,0.9761218608480856
5,Bot,1,False,True,False,0.6679592825981581,736,7287,7023,0.9637710992177851
5,Bot,1,False,False,True,0.9123045547246772,238,7288,6108,0.8380900109769485
5,Bot,1,True,True,False,0.9302515931635259,718,7287,5449,0.7477700013723069
5,Bot,1,True,False,True,1.1652308995904532,320,7287,4315,0.5921504048305201
5,Bot,1,False,True,True,1.3486698911729142,232,7287,4057,0.5567448881569919
5,Bot,1,True,True,True,1.5565524426950683,221,7287,1795,0.24632907918210512
5,Bot,2,False,False,False,0.1001532004737628,4216,7288,7288,1.0
5,Bot,2,True,False,False,0.2213896929490464,2176,7288,7287,0.9998627881448957
5,Bot,2,False,True,False,0.3072789447972643,940,7287,7287,1.0
5,Bot,2,False,False,True,0.3336989761999734,420,7288,7287,0.9998627881448957
5,Bot,2,True,True,False,0.4312991506763133,838,7287,7287,1.0
5,Bot,2,True,False,True,0.4695498381553041,435,7287,7287,1.0
5,Bot,2,False,True,True,0.5347255949490044,206,7287,7086,0.9724166323589954
5,Bot,2,True,True,True,0.7707733891359316,286,7287,6998,0.9603403320982572
6,Top,0,False,False,False,0.49432005064898776,7287,7287,7239,0.9934129271305063
6,Top,0,True,False,False,0.8878149539389397,1796,7287,6012,0.8250308769040757
6,Top,0,False,True,False,1.109643815436418,409,7286,4449,0.6106231128191051
6,Top,0,False,False,True,1.3858590733590734,53,7286,3582,0.49162777930277246
6,Top,0,True,True,False,1.47952434803468,439,7287,2558,0.3510360916700974
6,Top,0,True,False,True,1.8029265255292648,141,7286,1069,0.14671973648092232
6,Top,0,False,True,True,1.918237170194259,84,7286,660,0.09058468295360966
6,Top,0,True,True,True,2.268160644592723,101,7287,0,0.0
6,Top,1,False,False,False,0.2639268201849667,5272,7286,7286,1.0
6,Top,1,True,False,False,0.5240708686902802,2183,7286,7002,0.9610211364260225
6,Top,1,False,True,False,0.6679592825981581,674,7286,6880,0.9442766950315674
6,Top,1,False,False,True,0.9123045547246772,221,7286,5766,0.7913807301674444
6,Top,1,True,True,False,0.9302515931635259,715,7286,5037,0.6913258303595937
6,Top,1,True,False,True,1.1652308995904532,315,7286,3959,0.5433708482020313
6,Top,1,False,True,True,1.3486698911729142,204,7286,3704,0.5083722206972275
6,Top,1,True,True,True,1.5565524426950683,214,7287,1577,0.2164127898998216
6,Top,2,False,False,False,0.1001532004737628,4217,7286,7286,1.0
6,Top,2,True,False,False,0.2213896929490464,2162,7286,7286,1.0
6,Top,2,False,True,False,0.3072789447972643,864,7286,7286,1.0
6,Top,2,False,False,True,0.3336989761999734,388,7286,7286,1.0
6,Top,2,True,True,False,0.4312991506763133,921,7286,7286,1.0
6,Top,2,True,False,True,0.4695498381553041,458,7286,7286,1.0
6,Top,2,False,True,True,0.5347255949490044,255,7286,6956,0.9547076585231952
6,Top,2,True,True,True,0.7707733891359316,313,7287,6833,0.9376972691093729
6,Bot,0,False,False,False,0.49432005064898776,7286,7286,7197,0.9877847927532254
6,Bot,0,True,False,False,0.8878149539389397,1861,7284,5646,0.7751235584843492
6,Bot,0,False,True,False,1.109643815436418,385,7284,4002,0.5494233937397035
6,Bot,0,False,False,True,1.3858590733590734,59,7284,3160,0.43382756727073035
6,Bot,0,True,True,False,1.47952434803468,465,7284,2259,0.31013179571663924
6,Bot,0,True,False,True,1.8029265255292648,136,7284,894,0.12273476112026359
6,Bot,0,False,True,True,1.918237170194259,97,7284,562,0.0771554091158704
6,Bot,0,True,True,True,2.268160644592723,105,7284,0,0.0
6,Bot,1,False,False,False,0.2639268201849667,5245,7286,7285,0.9998627504803733
6,Bot,1,True,False,False,0.5240708686902802,2216,7285,6807,0.9343857240905972
6,Bot,1,False,True,False,0.6679592825981581,701,7284,6611,0.907605711147721
6,Bot,1,False,False,True,0.9123045547246772,228,7284,5323,0.7307797913234486
6,Bot,1,True,True,False,0.9302515931635259,748,7284,4591,0.6302855573860516
6,Bot,1,True,False,True,1.1652308995904532,335,7284,3520,0.48325096101043385
6,Bot,1,False,True,True,1.3486698911729142,212,7284,3270,0.4489291598023064
6,Bot,1,True,True,True,1.5565524426950683,222,7284,1337,0.18355299286106536
6,Bot,2,False,False,False,0.1001532004737628,4156,7285,7284,0.9998627316403569
6,Bot,2,True,False,False,0.2213896929490464,2237,7285,7284,0.9998627316403569
6,Bot,2,False,True,False,0.3072789447972643,864,7284,7284,1.0
6,Bot,2,False,False,True,0.3336989761999734,406,7284,7284,1.0
6,Bot,2,True,True,False,0.4312991506763133,897,7284,7284,1.0
6,Bot,2,True,False,True,0.4695498381553041,462,7284,7284,1.0
6,Bot,2,False,True,True,0.5347255949490044,236,7284,6723,0.9229818780889621
6,Bot,2,True,True,True,0.7707733891359316,319,7284,6554,0.899780340472268
7,Top,0,False,False,False,0.49432005064898776,7284,7284,7106,0.9755628775398133
7,Top,0,True,False,False,0.8878149539389397,1807,7283,5144,0.7063023479335439
7,Top,0,False,True,False,1.109643815436418,347,7282,3539,0.4859928591046416
7,Top,0,False,False,True,1.3858590733590734,38,7282,2756,0.3784674539961549
7,Top,0,True,True,False,1.47952434803468,424,7283,1968,0.2702183166277633
7,Top,0,True,False,True,1.8029265255292648,110,7282,747,0.10258170832188959
7,Top,0,False,True,True,1.918237170194259,87,7282,469,0.06440538313650096
7,Top,0,True,True,True,2.268160644592723,98,7282,0,0.0
7,Top,1,False,False,False,0.2639268201849667,5302,7283,7283,1.0
7,Top,1,True,False,False,0.5240708686902802,2246,7283,6515,0.8945489496086777
7,Top,1,False,True,False,0.6679592825981581,678,7282,6276,0.8618511397967591
7,Top,1,False,False,True,0.9123045547246772,182,7282,4823,0.662318044493271
7,Top,1,True,True,False,0.9302515931635259,767,7283,4095,0.562268296031855
7,Top,1,True,False,True,1.1652308995904532,292,7282,3086,0.42378467453996155
7,Top,1,False,True,True,1.3486698911729142,228,7282,2865,0.393435869266685
7,Top,1,True,True,True,1.5565524426950683,234,7282,1137,0.15613842351002472
7,Top,2,False,False,False,0.1001532004737628,4215,7282,7282,1.0
7,Top,2,True,False,False,0.2213896929490464,2208,7282,7282,1.0
7,Top,2,False,True,False,0.3072789447972643,832,7282,7282,1.0
7,Top,2,False,False,True,0.3336989761999734,334,7282,7282,1.0
7,Top,2,True,True,False,0.4312991506763133,914,7283,7282,0.999862693944803
7,Top,2,True,False,True,0.4695498381553041,439,7282,7282,1.0
7,Top,2,False,True,True,0.5347255949490044,232,7282,6416,0.8810766273001922
7,Top,2,True,True,True,0.7707733891359316,307,7282,6196,0.8508651469376545
7,Bot,0,False,False,False,0.49432005064898776,7282,7282,6926,0.9511123317769844
7,Bot,0,True,False,False,0.8878149539389397,1808,7280,4596,0.6313186813186813
7,Bot,0,False,True,False,1.109643815436418,371,7280,2971,0.4081043956043956
7,Bot,0,False,False,True,1.3858590733590734,42,7280,2241,0.30782967032967035
7,Bot,0,True,True,False,1.47952434803468,411,7280,1590,0.2184065934065934
7,Bot,0,True,False,True,1.8029265255292648,133,7280,605,0.0831043956043956
7,Bot,0,False,True,True,1.918237170194259,91,7280,388,0.053296703296703295
7,Bot,0,True,True,True,2.268160644592723,100,7280,0,0.0
7,Bot,1,False,False,False,0.2639268201849667,5298,7282,7282,1.0
7,Bot,1,True,False,False,0.5240708686902802,2221,7280,6055,0.8317307692307693
7,Bot,1,False,True,False,0.6679592825981581,695,7281,5747,0.7893146545804148
7,Bot,1,False,False,True,0.9123045547246772,182,7280,4173,0.5732142857142857
7,Bot,1,True,True,False,0.9302515931635259,787,7280,3515,0.48282967032967034
7,Bot,1,True,False,True,1.1652308995904532,326,7280,2547,0.34986263736263734
7,Bot,1,False,True,True,1.3486698911729142,200,7280,2344,0.321978021978022
7,Bot,1,True,True,True,1.5565524426950683,251,7280,904,0.12417582417582418
7,Bot,2,False,False,False,0.1001532004737628,4173,7281,7281,1.0
7,Bot,2,True,False,False,0.2213896929490464,2229,7280,7280,1.0
7,Bot,2,False,True,False,0.3072789447972643,942,7282,7280,0.9997253501785224
7,Bot,2,False,False,True,0.3336989761999734,340,7280,7280,1.0
7,Bot,2,True,True,False,0.4312991506763133,979,7280,7280,1.0
7,Bot,2,True,False,True,0.4695498381553041,470,7280,7280,1.0
7,Bot,2,False,True,True,0.5347255949490044,243,7280,5902,0.8107142857142857
7,Bot,2,True,True,True,0.7707733891359316,353,7280,5631,0.773489010989011
8,Top,0,False,False,False,0.49432005064898776,7280,7280,6612,0.9082417582417582
8,Top,0,True,False,False,0.8878149539389397,1781,7279,3858,0.5300178595960984
8,Top,0,False,True,False,1.109643815436418,363,7279,2332,0.3203736777029812
8,Top,0,False,False,True,1.3858590733590734,45,7279,1716,0.2357466684984201
8,Top,0,True,True,False,1.47952434803468,422,7279,1260,0.17310070064569308
8,Top,0,True,False,True,1.8029265255292648,132,7279,439,0.06031048220909466
8,Top,0,False,True,True,1.918237170194259,85,7279,266,0.0365434812474241
8,Top,0,True,True,True,2.268160644592723,118,7279,0,0.0
8,Top,1,False,False,False,0.2639268201849667,5311,7280,7280,1.0
8,Top,1,True,False,False,0.5240708686902802,2180,7280,5321,0.7309065934065934
8,Top,1,False,True,False,0.6679592825981581,634,7279,4953,0.6804506113477126
8,Top,1,False,False,True,0.9123045547246772,185,7279,3371,0.4631130649814535
8,Top,1,True,True,False,0.9302515931635259,702,7279,2776,0.38137106745432064
8,Top,1,True,False,True,1.1652308995904532,327,7279,1971,0.2707789531529056
8,Top,1,False,True,True,1.3486698911729142,223,7279,1802,0.2475614782250309
8,Top,1,True,True,True,1.5565524426950683,230,7279,654,0.08984750652562165
8,Top,2,False,False,False,0.1001532004737628,4213,7279,7279,1.0
8,Top,2,True,False,False,0.2213896929490464,2278,7280,7279,0.9998626373626374
8,Top,2,False,True,False,0.3072789447972643,873,7279,7279,1.0
8,Top,2,False,False,True,0.3336989761999734,362,7279,7279,1.0
8,Top,2,True,True,False,0.4312991506763133,908,7279,7279,1.0
8,Top,2,True,False,True,0.4695498381553041,481,7279,7279,1.0
8,Top,2,False,True,True,0.5347255949490044,210,7279,5127,0.7043549938178321
8,Top,2,True,True,True,0.7707733891359316,300,7279,4825,0.6628657782662454
8,Bot,0,False,False,False,0.49432005064898776,7279,7279,5983,0.8219535650501443
8,Bot,0,True,False,False,0.8878149539389397,1808,7278,2893,0.3974993129980764
8,Bot,0,False,True,False,1.109643815436418,334,7277,1522,0.2091521231276625
8,Bot,0,False,False,True,1.3858590733590734,33,7277,1074,0.14758829187852138
8,Bot,0,True,True,False,1.47952434803468,449,7277,842,0.11570702212450186
8,Bot,0,True,False,True,1.8029265255292648,132,7277,280,0.03847739453071321
8,Bot,0,False,True,True,1.918237170194259,76,7277,166,0.022811598186065686
8,Bot,0,True,True,True,2.268160644592723,101,7277,0,0.0
8,Bot,1,False,False,False,0.2639268201849667,5314,7278,7277,0.9998625996152789
8,Bot,1,True,False,False,0.5240708686902802,2251,7277,4067,0.5588841555586093
8,Bot,1,False,True,False,0.6679592825981581,712,7278,3567,0.49010717230008244
8,Bot,1,False,False,True,0.9123045547246772,165,7277,2217,0.3046585131235399
8,Bot,1,True,True,False,0.9302515931635259,814,7277,1890,0.25972241308231414
8,Bot,1,True,False,True,1.1652308995904532,327,7277,1283,0.17630891851037517
8,Bot,1,False,True,True,1.3486698911729142,233,7277,1163,0.15981860656864091
8,Bot,1,True,True,True,1.5565524426950683,273,7277,399,0.05483028720626632
8,Bot,2,False,False,False,0.1001532004737628,4121,7278,7278,1.0
8,Bot,2,True,False,False,0.2213896929490464,2253,7278,7277,0.9998625996152789
8,Bot,2,False,True,False,0.3072789447972643,863,7277,7277,1.0
8,Bot,2,False,False,True,0.3336989761999734,343,7278,7277,0.9998625996152789
8,Bot,2,True,True,False,0.4312991506763133,999,7277,7277,1.0
8,Bot,2,True,False,True,0.4695498381553041,482,7277,7277,1.0
8,Bot,2,False,True,True,0.5347255949490044,249,7277,3685,0.5063899958774221
8,Bot,2,True,True,True,0.7707733891359316,346,7277,3385,0.46516421602308644
9,Top,0,False,False,False,0.49432005064898776,7277,7277,4562,0.626906692318263
9,Top,0,True,False,False,0.8878149539389397,1787,4746,1580,0.3329119258322798
9,Top,0,False,True,False,1.109643815436418,382,4174,625,0.14973646382367034
9,Top,0,False,False,True,1.3858590733590734,45,4067,400,0.09835259404966806
9,Top,0,True,True,False,1.47952434803468,430,4197,393,0.09363831308077197
9,Top,0,True,False,True,1.8029265255292648,144,4098,126,0.03074670571010249
9,Top,0,False,True,True,1.918237170194259,86,4071,72,0.017686072218128224
9,Top,0,True,True,True,2.268160644592723,95,4081,0,0.0
9,Top,1,False,False,False,0.2639268201849667,5296,6505,4883,0.7506533435818601
9,Top,1,True,False,False,0.5240708686902802,2229,5004,2066,0.41286970423661074
9,Top,1,False,True,False,0.6679592825981581,666,4288,1507,0.3514458955223881
9,Top,1,False,False,True,0.9123045547246772,198,4095,846,0.20659340659340658
9,Top,1,True,True,False,0.9302515931635259,795,4331,829,0.19141075963980606
9,Top,1,True,False,True,1.1652308995904532,312,4150,493,0.11879518072289157
9,Top,1,False,True,True,1.3486698911729142,237,4123,443,0.10744603444094106
9,Top,1,True,True,True,1.5565524426950683,263,4128,136,0.03294573643410853
9,Top,2,False,False,False,0.1001532004737628,4168,5978,4561,0.7629642020742723
9,Top,2,True,False,False,0.2213896929490464,2194,5014,4287,0.8550059832469087
9,Top,2,False,True,False,0.3072789447972643,878,4375,4098,0.9366857142857142
9,Top,2,False,False,True,0.3336989761999734,353,4180,4079,0.9758373205741627
9,Top,2,True,True,False,0.4312991506763133,881,4379,4117,0.9401689883535054
9,Top,2,True,False,True,0.4695498381553041,494,4246,4075,0.9597268016957136
9,Top,2,False,True,True,0.5347255949490044,254,4145,1507,0.3635705669481303
9,Top,2,True,True,True,0.7707733891359316,319,4157,1359,0.3269184508058696
9,Bot,0,False,False,False,0.49432005064898776,4053,4053,1934,0.47717739945719223
9,Bot,0,True,False,False,0.8878149539389397,975,975,445,0.4564102564102564
9,Bot,0,False,True,False,1.109643815436418,178,178,57,0.3202247191011236
9,Bot,0,False,False,True,1.3858590733590734,29,29,6,0.20689655172413793
9,Bot,0,True,True,False,1.47952434803468,238,238,94,0.3949579831932773
9,Bot,0,True,False,True,1.8029265255292648,49,49,7,0.14285714285714285
9,Bot,0,False,True,True,1.918237170194259,38,38,3,0.07894736842105263
9,Bot,0,True,True,True,2.268160644592723,62,62,0,0.0
9,Bot,1,False,False,False,0.2639268201849667,2901,2901,967,0.3333333333333333
9,Bot,1,True,False,False,0.5240708686902802,1158,1158,361,0.31174438687392053
9,Bot,1,False,True,False,0.6679592825981581,311,311,71,0.2282958199356913
9,Bot,1,False,False,True,0.9123045547246772,90,90,20,0.2222222222222222
9,Bot,1,True,True,False,0.9302515931635259,378,378,98,0.25925925925925924
9,Bot,1,True,False,True,1.1652308995904532,138,138,31,0.2246376811594203
9,Bot,1,False,True,True,1.3486698911729142,112,112,29,0.25892857142857145
9,Bot,1,True,True,True,1.5565524426950683,151,151,0,0.0
9,Bot,2,False,False,False,0.1001532004737628,2285,2285,622,0.2722100656455142
9,Bot,2,True,False,False,0.2213896929490464,1177,1177,308,0.2616822429906542
9,Bot,2,False,True,False,0.3072789447972643,399,399,84,0.21052631578947367
9,Bot,2,False,False,True,0.3336989761999734,155,155,28,0.18064516129032257
9,Bot,2,True,True,False,0.4312991506763133,441,441,97,0.2199546485260771
9,Bot,2,True,False,True,0.4695498381553041,201,201,33,0.16417910447761194
9,Bot,2,False,True,True,0.5347255949490044,105,105,22,0.20952380952380953
9,Bot,2,True,True,True,0.7707733891359316,175,175,0,0.0
