inning,inning_topbot,outs_when_up,1b,2b,3b,situations_after_count,higher_re_after_count,higher_re_after_pct
1,Top,0,False,False,False,563669,154446,0.274001231219031
1,Top,0,True,False,False,130774,14199,0.10857662838178843
1,Top,0,False,True,False,30118,1789,0.05939969453482967
1,Top,0,False,False,True,3530,133,0.03767705382436261
1,Top,0,True,True,False,32629,901,0.027613472677679364
1,Top,0,True,False,True,11135,112,0.010058374494836103
1,Top,0,False,True,True,6639,27,0.004066877541798464
1,Top,0,True,True,True,7923,0,0.0
1,Top,1,False,False,False,406818,243995,0.5997645138612352
1,Top,1,True,False,False,158970,32462,0.2042020507013902
1,Top,1,False,True,False,48426,8298,0.1713542311981167
1,Top,1,False,False,True,13351,1294,0.09692157890794698
1,Top,1,True,True,False,52774,3706,0.07022397392655474
1,Top,1,True,False,True,24802,1106,0.04459317796951859
1,Top,1,False,True,True,11766,459,0.039010708822029574
1,Top,1,True,True,True,17181,184,0.0107095046854083
1,Top,2,False,False,False,320723,275126,0.8578305890129488
1,Top,2,True,False,False,163603,128539,0.7856763017793073
1,Top,2,False,True,False,60335,34851,0.5776249274881909
1,Top,2,False,False,True,25656,14620,0.5698472092298098
1,Top,2,True,True,False,66703,35724,0.5355681153771195
1,Top,2,True,False,True,29593,15291,0.5167100327780219
1,Top,2,False,True,True,16608,3212,0.19340077071290945
1,Top,2,True,True,True,19026,2897,0.15226532113949331
1,Bot,0,False,False,False,535913,147695,0.27559510592204334
1,Bot,0,True,False,False,140409,15431,0.10990036251237456
1,Bot,0,False,True,False,33307,2116,0.06353018884919086
1,Bot,0,False,False,True,4368,139,0.03182234432234432
1,Bot,0,True,True,False,36660,1035,0.02823240589198036
1,Bot,0,True,False,True,12153,133,0.010943799884802107
1,Bot,0,False,True,True,8149,52,0.006381151061479936
1,Bot,0,True,True,True,9970,0,0.0
1,Bot,1,False,False,False,368497,220220,0.5976168055642244
1,Bot,1,True,False,False,158783,32254,0.20313257716506175
1,Bot,1,False,True,False,50210,8418,0.16765584544911372
1,Bot,1,False,False,True,16146,1564,0.09686609686609686
1,Bot,1,True,True,False,57019,3895,0.06831056314561813
1,Bot,1,True,False,True,23493,1018,0.04333205635721279
1,Bot,1,False,True,True,14399,574,0.03986387943607195
1,Bot,1,True,True,True,14908,173,0.011604507646900993
1,Bot,2,False,False,False,287774,246619,0.8569884701189128
1,Bot,2,True,False,False,155736,122334,0.7855216520265064
1,Bot,2,False,True,False,65537,37743,0.5759036879930421
1,Bot,2,False,False,True,26039,14679,0.5637313260877914
1,Bot,2,True,True,False,63722,34182,0.5364238410596026
1,Bot,2,True,False,True,30716,15870,0.5166688370881625
1,Bot,2,False,True,True,16244,3161,0.19459492735779366
1,Bot,2,True,True,True,20745,3214,0.1549288985297662
2,Top,0,False,False,False,497571,136613,0.27455981156458076
2,Top,0,True,False,False,113538,12486,0.10997199175606405
2,Top,0,False,True,False,24860,1520,0.061142397425583264
2,Top,0,False,False,True,2770,103,0.037184115523465705
2,Top,0,True,True,False,26387,775,0.029370523363777618
2,Top,0,True,False,True,8107,82,0.0101147156778093
2,Top,0,False,True,True,5214,25,0.004794783275795934
2,Top,0,True,True,True,7493,0,0.0
2,Top,1,False,False,False,355956,212861,0.5979980671768421
2,Top,1,True,False,False,138064,27841,0.20165285664619306
2,Top,1,False,True,False,42393,7134,0.168282499469252
2,Top,1,False,False,True,11807,1143,0.09680697891081562
2,Top,1,True,True,False,46640,3277,0.07026157804459691
2,Top,1,True,False,True,21360,934,0.043726591760299624
2,Top,1,False,True,True,11669,459,0.03933499014482818
2,Top,1,True,True,True,14329,147,0.010258915486077186
2,Top,2,False,False,False,280713,240629,0.8572064706657689
2,Top,2,True,False,False,136083,106905,0.7855867375057869
2,Top,2,False,True,False,56010,32250,0.5757900374933048
2,Top,2,False,False,True,24116,13784,0.571570741416487
2,Top,2,True,True,False,53971,28819,0.5339719478979452
2,Top,2,True,False,True,27858,14358,0.5153995261684255
2,Top,2,False,True,True,11630,2285,0.19647463456577816
2,Top,2,True,True,True,17233,2752,0.15969361109499217
2,Bot,0,False,False,False,464946,128030,0.2753653112404451
2,Bot,0,True,False,False,112289,12398,0.11041152739805324
2,Bot,0,False,True,False,26259,1616,0.061540805057313686
2,Bot,0,False,False,True,2869,88,0.03067270826071802
2,Bot,0,True,True,False,25018,690,0.027580142297545768
2,Bot,0,True,False,True,8921,81,0.009079699585248291
2,Bot,0,False,True,True,7102,32,0.004505773021684032
2,Bot,0,True,True,True,6157,0,0.0
2,Bot,1,False,False,False,323465,193467,0.5981079869537662
2,Bot,1,True,False,False,130986,26561,0.20277739605759393
2,Bot,1,False,True,False,41601,7043,0.16929881493233337
2,Bot,1,False,False,True,13883,1313,0.094576100266513
2,Bot,1,True,True,False,41859,3023,0.07221863876346783
2,Bot,1,True,False,True,19626,872,0.04443085702639356
2,Bot,1,False,True,True,13946,478,0.034275060949376164
2,Bot,1,True,True,True,13502,151,0.011183528366167974
2,Bot,2,False,False,False,255842,219574,0.8582406328906121
2,Bot,2,True,False,False,135156,106299,0.786491165764006
2,Bot,2,False,True,False,54003,30792,0.5701905449697239
2,Bot,2,False,False,True,23646,13313,0.5630127717161465
2,Bot,2,True,True,False,51972,27927,0.5373470330177788
2,Bot,2,True,False,True,27535,14422,0.5237697475939713
2,Bot,2,False,True,True,13705,2678,0.1954031375410434
2,Bot,2,True,True,True,18099,2968,0.1639869606055583
3,Top,0,False,False,False,433230,119541,0.2759296447614431
3,Top,0,True,False,False,97982,10967,0.11192872160192688
3,Top,0,False,True,False,24328,1575,0.06474021703387044
3,Top,0,False,False,True,3620,149,0.04116022099447514
3,Top,0,True,True,False,22568,655,0.02902339595887983
3,Top,0,True,False,True,7997,90,0.011254220332624734
3,Top,0,False,True,True,4707,28,0.005948587210537497
3,Top,0,True,True,True,4812,0,0.0
3,Top,1,False,False,False,312151,186581,0.5977267412245997
3,Top,1,True,False,False,119918,24514,0.20442302239863908
3,Top,1,False,True,False,40596,7092,0.17469701448418565
3,Top,1,False,False,True,12932,1169,0.09039591710485617
3,Top,1,True,True,False,40729,2902,0.07125144246114562
3,Top,1,True,False,True,16402,757,0.046152908181929034
3,Top,1,False,True,True,9796,376,0.038383013474887706
3,Top,1,True,True,True,11927,148,0.01240882032363545
3,Top,2,False,False,False,246706,211787,0.8584590565288238
3,Top,2,True,False,False,123533,97144,0.7863809670290529
3,Top,2,False,True,False,50414,29082,0.5768635696433531
3,Top,2,False,False,True,22067,12497,0.5663207504418363
3,Top,2,True,True,False,48219,25870,0.536510504158112
3,Top,2,True,False,True,24546,12826,0.522529128982319
3,Top,2,False,True,True,11744,2159,0.18383855585831063
3,Top,2,True,True,True,16057,2496,0.15544622283116397
3,Bot,0,False,False,False,401191,111481,0.27787512680992343
3,Bot,0,True,False,False,93362,10483,0.11228337010775262
3,Bot,0,False,True,False,23381,1474,0.06304264146101536
3,Bot,0,False,False,True,2592,114,0.04398148148148148
3,Bot,0,True,True,False,22611,664,0.02936623767192959
3,Bot,0,True,False,True,8184,102,0.012463343108504398
3,Bot,0,False,True,True,4878,21,0.004305043050430504
3,Bot,0,True,True,True,6818,0,0.0
3,Bot,1,False,False,False,287133,172320,0.6001400048061352
3,Bot,1,True,False,False,113472,22871,0.20155633107727017
3,Bot,1,False,True,False,36826,6293,0.1708847010264487
3,Bot,1,False,False,True,11950,1137,0.09514644351464435
3,Bot,1,True,True,False,39403,2834,0.07192345760475091
3,Bot,1,True,False,True,16784,704,0.04194470924690181
3,Bot,1,False,True,True,9888,371,0.03752022653721683
3,Bot,1,True,True,True,9638,106,0.010998132392612575
3,Bot,2,False,False,False,223502,192150,0.8597238503458582
3,Bot,2,True,False,False,114903,90345,0.7862718989060338
3,Bot,2,False,True,False,48678,27944,0.5740580960598217
3,Bot,2,False,False,True,19721,11144,0.5650829065463212
3,Bot,2,True,True,False,45000,24256,0.5390222222222222
3,Bot,2,True,False,True,24144,12455,0.515863154406892
3,Bot,2,False,True,True,10549,2050,0.19433121622902644
3,Bot,2,True,True,True,12875,2033,0.15790291262135922
4,Top,0,False,False,False,369707,103050,0.278734240898874
4,Top,0,True,False,False,83782,9549,0.11397436203480461
4,Top,0,False,True,False,21381,1380,0.06454328609513119
4,Top,0,False,False,True,2323,89,0.0383125269048644
4,Top,0,True,True,False,21491,670,0.03117584104974175
4,Top,0,True,False,True,7416,75,0.010113268608414239
4,Top,0,False,True,True,4730,26,0.0054968287526427064
4,Top,0,True,True,True,4744,0,0.0
4,Top,1,False,False,False,263179,157487,0.5984026081108295
4,Top,1,True,False,False,101931,20674,0.20282347862769912
4,Top,1,False,True,False,34808,5927,0.1702769478280855
4,Top,1,False,False,True,10023,958,0.09558016561907612
4,Top,1,True,True,False,33621,2387,0.07099729335831771
4,Top,1,True,False,True,16779,685,0.040824840574527684
4,Top,1,False,True,True,10287,397,0.038592398172450665
4,Top,1,True,True,True,10106,119,0.011775183059568574
4,Top,2,False,False,False,203397,174760,0.8592063796417843
4,Top,2,True,False,False,104167,81798,0.785258287173481
4,Top,2,False,True,False,45337,26049,0.5745638220438053
4,Top,2,False,False,True,16892,9564,0.566185176414871
4,Top,2,True,True,False,37115,19796,0.5333692577125152
4,Top,2,True,False,True,22277,11408,0.5120976792207209
4,Top,2,False,True,True,11138,2220,0.19931765128389298
4,Top,2,True,True,True,11499,1847,0.16062266284024698
4,Bot,0,False,False,False,337553,94609,0.28027894878730153
4,Bot,0,True,False,False,77273,8947,0.11578429723189212
4,Bot,0,False,True,False,20008,1305,0.06522391043582566
4,Bot,0,False,False,True,2520,88,0.03492063492063492
4,Bot,0,True,True,False,17595,515,0.029269678886047173
4,Bot,0,True,False,True,7024,76,0.01082004555808656
4,Bot,0,False,True,True,4135,36,0.008706166868198308
4,Bot,0,True,True,True,4331,0,0.0
4,Bot,1,False,False,False,236683,141561,0.5981037928368323
4,Bot,1,True,False,False,94605,19628,0.20747317795042544
4,Bot,1,False,True,False,30369,5152,0.16964667917942639
4,Bot,1,False,False,True,10363,1108,0.10691884589404613
4,Bot,1,True,True,False,31111,2249,0.07228954389122819
4,Bot,1,True,False,True,14475,646,0.0446286701208981
4,Bot,1,False,True,True,9463,371,0.039205326006551834
4,Bot,1,True,True,True,9972,92,0.009225832330525471
4,Bot,2,False,False,False,181186,155852,0.8601768348547901
4,Bot,2,True,False,False,93295,73347,0.7861836111259982
4,Bot,2,False,True,False,39628,22854,0.5767134349449884
4,Bot,2,False,False,True,16583,9544,0.575529156364952
4,Bot,2,True,True,False,36015,19570,0.5433847008191032
4,Bot,2,True,False,True,19113,9903,0.5181290221315336
4,Bot,2,False,True,True,9252,1805,0.19509295287505404
4,Bot,2,True,True,True,12182,1978,0.16237071088491217
5,Top,0,False,False,False,302716,85077,0.2810456004968353
5,Top,0,True,False,False,70799,8143,0.11501574881001143
5,Top,0,False,True,False,16673,1074,0.0644155221016014
5,Top,0,False,False,True,1716,82,0.047785547785547784
5,Top,0,True,True,False,15888,476,0.029959718026183284
5,Top,0,True,False,True,6424,71,0.01105230386052304
5,Top,0,False,True,True,3783,31,0.008194554586307164
5,Top,0,True,True,True,4243,0,0.0
5,Top,1,False,False,False,215244,128791,0.5983488506067532
5,Top,1,True,False,False,86145,17592,0.2042138255267282
5,Top,1,False,True,False,29162,5111,0.1752623276867156
5,Top,1,False,False,True,8376,807,0.09634670487106017
5,Top,1,True,True,False,30790,2135,0.06934069503085417
5,Top,1,True,False,True,12558,558,0.044433827042522696
5,Top,1,False,True,True,8446,319,0.037769358276107036
5,Top,1,True,True,True,8608,59,0.006854089219330855
5,Top,2,False,False,False,161616,139068,0.8604841104841104
5,Top,2,True,False,False,84999,66962,0.7877975035000412
5,Top,2,False,True,False,35029,20387,0.5820034828285136
5,Top,2,False,False,True,14406,8205,0.5695543523531862
5,Top,2,True,True,False,33927,18137,0.5345889704365255
5,Top,2,True,False,True,18210,9347,0.5132894014277869
5,Top,2,False,True,True,10336,1968,0.19040247678018576
5,Top,2,True,True,True,12606,1931,0.1531810249087736
5,Bot,0,False,False,False,270048,76118,0.2818684085792155
5,Bot,0,True,False,False,63787,7585,0.11891137692633295
5,Bot,0,False,True,False,15824,1022,0.06458543983822042
5,Bot,0,False,False,True,1653,64,0.03871748336358137
5,Bot,0,True,True,False,15551,563,0.03620345958459263
5,Bot,0,True,False,True,5675,68,0.011982378854625551
5,Bot,0,False,True,True,3301,25,0.007573462587094819
5,Bot,0,True,True,True,4276,0,0.0
5,Bot,1,False,False,False,186496,111456,0.5976321207961565
5,Bot,1,True,False,False,74259,15332,0.206466556242341
5,Bot,1,False,True,False,26344,4527,0.17184178560583055
5,Bot,1,False,False,True,8028,766,0.09541604384653712
5,Bot,1,True,True,False,25270,1858,0.07352592006331618
5,Bot,1,True,False,True,11400,601,0.052719298245614034
5,Bot,1,False,True,True,7886,320,0.04057823991884352
5,Bot,1,True,True,True,8690,106,0.012197928653624856
5,Bot,2,False,False,False,144079,124033,0.8608679960299558
5,Bot,2,True,False,False,73082,57509,0.7869105935798144
5,Bot,2,False,True,False,32501,18551,0.5707824374634627
5,Bot,2,False,False,True,13876,7856,0.5661573940616893
5,Bot,2,True,True,False,28921,15605,0.5395733204246049
5,Bot,2,True,False,True,15100,7900,0.5231788079470199
5,Bot,2,False,True,True,6660,1347,0.20225225225225224
5,Bot,2,True,True,True,10907,1594,0.14614467772989823
6,Top,0,False,False,False,238501,67641,0.2836088737573427
6,Top,0,True,False,False,57100,6898,0.12080560420315237
6,Top,0,False,True,False,13445,840,0.06247675715879509
6,Top,0,False,False,True,1635,66,0.04036697247706422
6,Top,0,True,True,False,15063,593,0.039367987784637855
6,Top,0,True,False,True,4824,63,0.013059701492537313
6,Top,0,False,True,True,2716,16,0.005891016200294551
6,Top,0,True,True,True,3935,0,0.0
6,Top,1,False,False,False,162894,96981,0.5953626284577701
6,Top,1,True,False,False,65822,13763,0.2090942238157455
6,Top,1,False,True,False,21145,3707,0.1753133128399149
6,Top,1,False,False,True,6663,575,0.08629746360498274
6,Top,1,True,True,False,23011,1718,0.07465994524357916
6,Top,1,True,False,True,10240,540,0.052734375
6,Top,1,False,True,True,6330,270,0.04265402843601896
6,Top,1,True,True,True,7828,93,0.011880429228410833
6,Top,2,False,False,False,123901,106724,0.8613651221539778
6,Top,2,True,False,False,62894,49578,0.7882786911311095
6,Top,2,False,True,False,26355,15109,0.5732878011762474
6,Top,2,False,False,True,11164,6324,0.5664636331064135
6,Top,2,True,True,False,28532,15326,0.5371512687508762
6,Top,2,True,False,True,14429,7578,0.5251923210201677
6,Top,2,False,True,True,7437,1476,0.19846712384025816
6,Top,2,True,True,True,10543,1677,0.15906288532675708
6,Bot,0,False,False,False,206310,58796,0.28498860937424264
6,Bot,0,True,False,False,50358,6353,0.12615671789983718
6,Bot,0,False,True,False,10735,791,0.07368421052631578
6,Bot,0,False,False,True,1576,88,0.05583756345177665
6,Bot,0,True,True,False,12945,501,0.038702201622247974
6,Bot,0,True,False,True,3777,39,0.010325655281969817
6,Bot,0,False,True,True,2701,29,0.010736764161421697
6,Bot,0,True,True,True,3503,0,0.0
6,Bot,1,False,False,False,139851,82707,0.5913936975781368
6,Bot,1,True,False,False,57079,12097,0.21193433662117417
6,Bot,1,False,True,False,18836,3188,0.16925037162879591
6,Bot,1,False,False,True,5741,539,0.09388608256401323
6,Bot,1,True,True,False,19778,1480,0.07483061988067549
6,Bot,1,True,False,True,8840,434,0.04909502262443439
6,Bot,1,False,True,True,5414,237,0.04377539711858146
6,Bot,1,True,True,True,6953,75,0.01078671077232849
6,Bot,2,False,False,False,104351,89660,0.8592155321942291
6,Bot,2,True,False,False,55796,43930,0.7873324252634597
6,Bot,2,False,True,False,22407,12937,0.5773642165394742
6,Bot,2,False,False,True,9587,5377,0.560863669552519
6,Bot,2,True,True,False,22723,12195,0.5366808960084496
6,Bot,2,True,False,True,11684,6028,0.515919205751455
6,Bot,2,False,True,True,5628,1098,0.19509594882729211
6,Bot,2,True,True,True,8796,1445,0.16427921782628468
7,Top,0,False,False,False,172190,49345,0.286572971717289
7,Top,0,True,False,False,41456,5499,0.13264666152064838
7,Top,0,False,True,False,8476,641,0.07562529495044833
7,Top,0,False,False,True,902,40,0.04434589800443459
7,Top,0,True,True,False,10234,491,0.04797733046707055
7,Top,0,True,False,True,2838,56,0.019732205778717406
7,Top,0,False,True,True,2129,16,0.007515265382808831
7,Top,0,True,True,True,3003,0,0.0
7,Top,1,False,False,False,116821,68670,0.5878223949461141
7,Top,1,True,False,False,48512,10571,0.21790484828496043
7,Top,1,False,True,False,15459,2752,0.17801927679668803
7,Top,1,False,False,True,4070,383,0.09410319410319411
7,Top,1,True,True,False,17414,1345,0.0772367060985414
7,Top,1,True,False,True,7000,387,0.055285714285714285
7,Top,1,False,True,True,5137,263,0.05119719680747518
7,Top,1,True,True,True,6514,96,0.01473748848633712
7,Top,2,False,False,False,86383,74342,0.8606091476332148
7,Top,2,True,False,False,44843,35497,0.7915839707423679
7,Top,2,False,True,False,17579,10153,0.5775641390295239
7,Top,2,False,False,True,6753,3792,0.5615282096845846
7,Top,2,True,True,False,19536,10526,0.5388001638001638
7,Top,2,True,False,True,9324,4777,0.5123337623337624
7,Top,2,False,True,True,4799,1028,0.2142112940195874
7,Top,2,True,True,True,7127,1188,0.16669005191525185
7,Bot,0,False,False,False,139074,40239,0.2893351740799862
7,Bot,0,True,False,False,33257,4561,0.1371440598971645
7,Bot,0,False,True,False,7191,606,0.08427200667501043
7,Bot,0,False,False,True,864,42,0.04861111111111111
7,Bot,0,True,True,False,7763,407,0.052428184980033495
7,Bot,0,True,False,True,2513,41,0.01631516116195782
7,Bot,0,False,True,True,1623,27,0.0166358595194085
7,Bot,0,True,True,True,1960,0,0.0
7,Bot,1,False,False,False,93668,54904,0.5861553572191143
7,Bot,1,True,False,False,38137,8347,0.21886881506148884
7,Bot,1,False,True,False,12210,2040,0.16707616707616707
7,Bot,1,False,False,True,3143,361,0.11485841552656698
7,Bot,1,True,True,False,13720,1137,0.08287172011661807
7,Bot,1,True,False,True,5728,291,0.050803072625698324
7,Bot,1,False,True,True,3381,182,0.053830227743271224
7,Bot,1,True,True,True,5240,60,0.011450381679389313
7,Bot,2,False,False,False,67259,57918,0.8611189580576577
7,Bot,2,True,False,False,35402,27997,0.7908310264956782
7,Bot,2,False,True,False,15128,8712,0.5758857747223691
7,Bot,2,False,False,True,5194,2928,0.5637273777435502
7,Bot,2,True,True,False,15749,8518,0.5408597371261668
7,Bot,2,True,False,True,7546,3833,0.5079512324410284
7,Bot,2,False,True,True,3721,766,0.20585864015049718
7,Bot,2,True,True,True,6007,905,0.1506575661727984
8,Top,0,False,False,False,106262,31161,0.2932468803523367
8,Top,0,True,False,False,25479,3800,0.14914243102162567
8,Top,0,False,True,False,5786,502,0.0867611475976495
8,Top,0,False,False,True,679,31,0.045655375552282766
8,Top,0,True,True,False,6555,417,0.06361556064073226
8,Top,0,True,False,True,2118,43,0.020302171860245515
8,Top,0,False,True,True,1269,16,0.01260835303388495
8,Top,0,True,True,True,2261,0,0.0
8,Top,1,False,False,False,69559,40103,0.5765321525611351
8,Top,1,True,False,False,28076,6083,0.2166619176520872
8,Top,1,False,True,False,8861,1537,0.17345672046044464
8,Top,1,False,False,True,2523,255,0.10107015457788347
8,Top,1,True,True,False,9724,751,0.0772315919374743
8,Top,1,True,False,True,4533,249,0.05493050959629384
8,Top,1,False,True,True,3138,152,0.04843849585723391
8,Top,1,True,True,True,3774,38,0.010068892421833599
8,Top,2,False,False,False,48963,42257,0.8630394379429365
8,Top,2,True,False,False,26018,20574,0.7907602429087555
8,Top,2,False,True,False,10856,6342,0.5841930729550479
8,Top,2,False,False,True,4396,2527,0.5748407643312102
8,Top,2,True,True,False,10812,5900,0.5456899741028487
8,Top,2,True,False,True,5951,3068,0.5155436061166191
8,Top,2,False,True,True,2485,480,0.193158953722334
8,Top,2,True,True,True,4296,668,0.15549348230912477
8,Bot,0,False,False,False,74162,22515,0.30359213613440844
8,Bot,0,True,False,False,17141,2926,0.1707018260311534
8,Bot,0,False,True,False,3262,384,0.11771919068056406
8,Bot,0,False,False,True,310,25,0.08064516129032258
8,Bot,0,True,True,False,4167,349,0.08375329973602112
8,Bot,0,True,False,True,1275,34,0.02666666666666667
8,Bot,0,False,True,True,690,17,0.02463768115942029
8,Bot,0,True,True,True,1056,0,0.0
8,Bot,1,False,False,False,47164,26656,0.5651768297854296
8,Bot,1,True,False,False,18841,4346,0.2306671620402314
8,Bot,1,False,True,False,6026,1107,0.18370394955194158
8,Bot,1,False,False,True,1358,158,0.11634756995581738
8,Bot,1,True,True,False,6828,640,0.09373169302870533
8,Bot,1,True,False,True,2614,141,0.05394032134659526
8,Bot,1,False,True,True,1794,112,0.06243032329988852
8,Bot,1,True,True,True,2360,12,0.005084745762711864
8,Bot,2,False,False,False,29936,25779,0.861137092463923
8,Bot,2,True,False,False,16024,12677,0.7911258112830754
8,Bot,2,False,True,False,6228,3623,0.581727681438664
8,Bot,2,False,False,True,2279,1292,0.5669153137340939
8,Bot,2,True,True,False,7296,3986,0.5463267543859649
8,Bot,2,True,False,True,3448,1746,0.5063805104408353
8,Bot,2,False,True,True,1613,331,0.20520768753874769
8,Bot,2,True,True,True,2530,370,0.14624505928853754
9,Top,0,False,False,False,41782,13514,0.3234407160978412
9,Top,0,True,False,False,10236,2267,0.22147323173114497
9,Top,0,False,True,False,2557,314,0.1228001564333203
9,Top,0,False,False,True,285,27,0.09473684210526316
9,Top,0,True,True,False,2763,295,0.1067680057908071
9,Top,0,True,False,True,904,44,0.048672566371681415
9,Top,0,False,True,True,564,18,0.031914893617021274
9,Top,0,True,True,True,704,0,0.0
9,Top,1,False,False,False,22274,11420,0.5127053964263266
9,Top,1,True,False,False,9243,2387,0.25824948609758736
9,Top,1,False,True,False,3186,571,0.17922159447583177
9,Top,1,False,False,True,1088,118,0.10845588235294118
9,Top,1,True,True,False,3816,488,0.1278825995807128
9,Top,1,True,False,True,1473,95,0.06449422946367957
9,Top,1,False,True,True,1156,70,0.06055363321799308
9,Top,1,True,True,True,1563,4,0.0025591810620601407
9,Top,2,False,False,False,11281,9786,0.8674762875631593
9,Top,2,True,False,False,6287,4967,0.7900429457610944
9,Top,2,False,True,False,2782,1568,0.5636232925952552
9,Top,2,False,False,True,1104,605,0.5480072463768116
9,Top,2,True,True,False,2870,1575,0.5487804878048781
9,Top,2,True,False,True,1566,724,0.4623243933588761
9,Top,2,False,True,True,777,174,0.22393822393822393
9,Top,2,True,True,True,1236,152,0.12297734627831715
9,Bot,0,False,False,False,12648,4502,0.35594560404807085
9,Bot,0,True,False,False,2707,895,0.33062430735131143
9,Bot,0,False,True,False,512,96,0.1875
9,Bot,0,False,False,True,75,7,0.09333333333333334
9,Bot,0,True,True,False,600,154,0.25666666666666665
9,Bot,0,True,False,True,120,9,0.075
9,Bot,0,False,True,True,111,5,0.04504504504504504
9,Bot,0,True,True,True,131,0,0.0
9,Bot,1,False,False,False,5160,1909,0.36996124031007754
9,Bot,1,True,False,False,1872,624,0.3333333333333333
9,Bot,1,False,True,False,537,113,0.21042830540037244
9,Bot,1,False,False,True,162,26,0.16049382716049382
9,Bot,1,True,True,False,601,137,0.22795341098169716
9,Bot,1,True,False,True,199,41,0.20603015075376885
9,Bot,1,False,True,True,189,32,0.1693121693121693
9,Bot,1,True,True,True,196,0,0.0
9,Bot,2,False,False,False,933,872,0.9346195069667739
9,Bot,2,True,False,False,462,409,0.8852813852813853
9,Bot,2,False,True,False,166,106,0.6385542168674698
9,Bot,2,False,False,True,74,35,0.47297297297297297
9,Bot,2,True,True,False,173,124,0.7167630057803468
9,Bot,2,True,False,True,78,38,0.48717948717948717
9,Bot,2,False,True,True,49,25,0.5102040816326531
9,Bot,2,True,True,True,48,0,0.0
